method,pressure
ASMEB31G2009,3.40547
RSTRENG085dL,3.58604
PCORRC,0.701525
DNV_RP_F101,1.19225
C_Fer,0.745265
Netto,4.90637
RAM_PIPE_REQUAL,0.579827
